{"position":{"x":0.0,"y":1.0500000715255738,"z":-13.029999732971192},"rotation":{"x":0.0,"y":0.0,"z":0.0}}