{"position":{"x":0.0,"y":-0.0061724185943603519,"z":52.60089111328125},"rotation":{"x":0.0,"y":0.0,"z":0.0}}