{"position":{"x":0.0,"y":-7.8006439208984379,"z":75.87347412109375},"rotation":{"x":0.0,"y":0.0,"z":0.0}}