{"position":{"x":0.0,"y":-7.77318000793457,"z":75.87347412109375},"rotation":{"x":0.0,"y":180.0,"z":0.0}}